{
    "train_loss": [
        3.5340895652770996,
        1.2492307778447866,
        0.8442075625061989,
        0.8167299944907427,
        0.8071779757738113,
        0.8029083330184221,
        0.8001864291727543,
        0.7987021803855896,
        0.798509756103158,
        0.7977316714823246,
        0.7972457371652126,
        0.7971399761736393,
        0.796601478010416,
        0.7965174410492182,
        0.7962346412241459,
        0.7961522955447435,
        0.7960096728056669,
        0.795853279531002,
        0.7957137804478407,
        0.795732781291008,
        0.7954257018864155,
        0.7953899931162596,
        0.79511983320117,
        0.7950323205441236,
        0.7949058748781681,
        0.7947655357420444,
        0.7946188878268003,
        0.7943108398467302,
        0.7940539140254259,
        0.794166911393404
    ],
    "val_loss": [
        1.9889019466936588,
        1.0661168955266476,
        0.9550285041332245,
        0.9602944925427437,
        0.9492181967943907,
        0.9437126033008099,
        0.9414405096322298,
        0.9409051463007927,
        0.9430427420884371,
        0.9421473350375891,
        0.9424823317676783,
        0.9411513954401016,
        0.9417852088809013,
        0.9417134840041399,
        0.9416824616491795,
        0.9414528049528599,
        0.9412633813917637,
        0.940938038751483,
        0.9407651983201504,
        0.9408057443797588,
        0.9407871831208467,
        0.9409540668129921,
        0.9409318715333939,
        0.9408505912870169,
        0.9394770413637161,
        0.9386013597249985,
        0.9384255446493626,
        0.9382440205663443,
        0.938404805958271,
        0.9367858842015266
    ],
    "train_acc": [
        41.07843137254902,
        96.17647058823529,
        99.90196078431373,
        99.90196078431373,
        100.0,
        100.0,
        100.0,
        100.0,
        100.0,
        100.0,
        100.0,
        100.0,
        100.0,
        100.0,
        100.0,
        100.0,
        100.0,
        100.0,
        100.0,
        100.0,
        100.0,
        100.0,
        100.0,
        100.0,
        100.0,
        100.0,
        100.0,
        100.0,
        100.0,
        100.0
    ],
    "val_acc": [
        85.98039215686275,
        95.7843137254902,
        97.54901960784314,
        97.25490196078431,
        97.74509803921569,
        98.03921568627452,
        98.03921568627452,
        97.94117647058823,
        97.84313725490196,
        97.94117647058823,
        97.94117647058823,
        97.94117647058823,
        98.03921568627452,
        98.03921568627452,
        98.03921568627452,
        98.03921568627452,
        98.03921568627452,
        98.03921568627452,
        98.03921568627452,
        98.03921568627452,
        98.03921568627452,
        98.03921568627452,
        98.03921568627452,
        98.03921568627452,
        98.03921568627452,
        98.03921568627452,
        98.03921568627452,
        98.03921568627452,
        98.03921568627452,
        98.03921568627452
    ]
}