{
    "train_loss": [
        4.465308144688606,
        3.3638045713305473,
        2.0250804908573627,
        1.1925098188221455,
        0.9295366685837507,
        0.8818452935665846,
        0.8506991099566221,
        0.8394568301737309,
        0.8373122755438089,
        0.8353550918400288,
        0.8389985226094723,
        0.8279437236487865,
        0.8247038815170527,
        0.827438360080123,
        0.828555004671216,
        0.8301667775958776,
        0.8218544442206621,
        0.8233105633407831,
        0.8200794886797667,
        0.8283691089600325,
        0.8251282889395952,
        0.8179597221314907,
        0.8179333191365004,
        0.8189603071659803,
        0.8265167213976383,
        0.8198985252529383,
        0.8179032448679209,
        0.8261290956288576,
        0.8131400886923075,
        0.8188768569380045
    ],
    "val_loss": [
        4.075281657278538,
        2.633208427578211,
        1.662053395062685,
        1.2882153205573559,
        1.162321075797081,
        1.1277280692011118,
        1.1156799383461475,
        1.0977294072508812,
        1.0952039062976837,
        1.0945229064673185,
        1.083456326276064,
        1.0824048556387424,
        1.0778724178671837,
        1.0847200155258179,
        1.074564803391695,
        1.078357756137848,
        1.074129432439804,
        1.0740607641637325,
        1.0673499163240194,
        1.07433595135808,
        1.0732242930680513,
        1.0643770024180412,
        1.0683954525738955,
        1.074625888839364,
        1.0748988762497902,
        1.0596128646284342,
        1.0662099700421095,
        1.0736502185463905,
        1.0651223491877317,
        1.066487092524767
    ],
    "train_acc": [
        14.019607843137255,
        67.6470588235294,
        82.25490196078431,
        94.80392156862744,
        99.11764705882354,
        99.31372549019608,
        99.80392156862744,
        100.0,
        99.80392156862744,
        99.70588235294117,
        99.6078431372549,
        100.0,
        100.0,
        99.70588235294117,
        99.90196078431373,
        99.70588235294117,
        99.90196078431373,
        100.0,
        99.90196078431373,
        99.50980392156863,
        99.90196078431373,
        100.0,
        99.90196078431373,
        100.0,
        99.6078431372549,
        99.90196078431373,
        99.90196078431373,
        99.50980392156863,
        100.0,
        99.90196078431373
    ],
    "val_acc": [
        43.8235294117647,
        69.2156862745098,
        85.3921568627451,
        89.11764705882354,
        91.86274509803921,
        92.54901960784314,
        91.86274509803921,
        92.84313725490196,
        92.84313725490196,
        92.74509803921569,
        92.74509803921569,
        92.94117647058823,
        93.13725490196079,
        92.94117647058823,
        93.23529411764706,
        93.03921568627452,
        92.94117647058823,
        93.33333333333333,
        93.23529411764706,
        93.03921568627452,
        93.23529411764706,
        93.72549019607843,
        93.72549019607843,
        92.94117647058823,
        93.43137254901961,
        93.72549019607843,
        93.62745098039215,
        93.03921568627452,
        93.23529411764706,
        93.23529411764706
    ]
}