{
    "train_loss": [
        3.6607188656926155,
        1.1822882387787104,
        0.9652159139513969,
        0.8984986040741205,
        0.8818215392529964,
        0.8598527312278748,
        0.8591817133128643,
        0.8460573479533195,
        0.8396263029426336,
        0.8338330499827862,
        0.8256131336092949,
        0.8280667420476675,
        0.8250531330704689,
        0.825147045776248,
        0.8232807796448469,
        0.8242762517184019,
        0.8252281285822392,
        0.8199749998748302,
        0.8212019633501768,
        0.8218801487237215,
        0.8164151888340712,
        0.8225416429340839,
        0.8165444508194923,
        0.8173772003501654,
        0.8161997050046921,
        0.8126454073935747,
        0.8121673632413149,
        0.8138257581740618,
        0.8155804760754108,
        0.813338328152895
    ],
    "val_loss": [
        1.4442703127861023,
        0.982714481651783,
        0.9395418409258127,
        0.9220730848610401,
        0.9103188533335924,
        0.9032278954982758,
        0.885684173554182,
        0.8759703747928143,
        0.872890779748559,
        0.8725138753652573,
        0.8709647543728352,
        0.868497246876359,
        0.8685846645385027,
        0.8689347375184298,
        0.8686157949268818,
        0.8657125663012266,
        0.8650742787867785,
        0.865229919552803,
        0.8627462387084961,
        0.8626128081232309,
        0.8628004472702742,
        0.8608504459261894,
        0.8611180745065212,
        0.8598543889820576,
        0.8602563384920359,
        0.8596873972564936,
        0.8594419099390507,
        0.858420941978693,
        0.8584026265889406,
        0.8563103042542934
    ],
    "train_acc": [
        33.333333333333336,
        94.80392156862744,
        99.11764705882354,
        99.70588235294117,
        99.6078431372549,
        99.6078431372549,
        99.80392156862744,
        100.0,
        99.90196078431373,
        99.90196078431373,
        100.0,
        100.0,
        100.0,
        100.0,
        100.0,
        100.0,
        99.90196078431373,
        100.0,
        100.0,
        100.0,
        100.0,
        99.90196078431373,
        100.0,
        100.0,
        99.90196078431373,
        100.0,
        100.0,
        100.0,
        99.90196078431373,
        100.0
    ],
    "val_acc": [
        91.66666666666667,
        96.76470588235294,
        98.23529411764706,
        98.52941176470588,
        98.33333333333333,
        98.33333333333333,
        98.33333333333333,
        98.72549019607843,
        98.92156862745098,
        99.31372549019608,
        99.11764705882354,
        99.2156862745098,
        99.2156862745098,
        99.2156862745098,
        99.2156862745098,
        99.01960784313725,
        99.2156862745098,
        99.01960784313725,
        99.2156862745098,
        99.11764705882354,
        99.11764705882354,
        99.2156862745098,
        99.31372549019608,
        99.11764705882354,
        99.31372549019608,
        99.31372549019608,
        99.31372549019608,
        99.41176470588235,
        99.31372549019608,
        99.31372549019608
    ]
}