{
    "train_loss": [
        4.049327328801155,
        1.5214784629642963,
        0.9738305937498808,
        0.9038937669247389,
        0.881109232082963,
        0.8608311153948307,
        0.8604363072663546,
        0.8552082199603319,
        0.8330466449260712,
        0.8367306459695101,
        0.8308404572308064,
        0.8296248614788055,
        0.8282349389046431,
        0.8245056327432394,
        0.8215601351112127,
        0.8243637252599001,
        0.8221071809530258,
        0.8230810109525919,
        0.8209132552146912,
        0.822544451802969,
        0.8190538063645363,
        0.8178007397800684,
        0.8197900075465441,
        0.8171824887394905,
        0.8173561226576567,
        0.814798291772604,
        0.8144710324704647,
        0.8167709112167358,
        0.8115732930600643,
        0.8126074764877558
    ],
    "val_loss": [
        2.2632463797926903,
        1.1233569495379925,
        1.033308818936348,
        1.0048013050109148,
        1.0207629520446062,
        0.9910110309720039,
        0.9887793119996786,
        0.9689147938042879,
        0.9641506653279066,
        0.964651245623827,
        0.9639502223581076,
        0.9623803328722715,
        0.9602575376629829,
        0.9600417967885733,
        0.9571352917701006,
        0.9565640762448311,
        0.9523162376135588,
        0.9515841547399759,
        0.9509133826941252,
        0.9510089755058289,
        0.9522369205951691,
        0.9478592127561569,
        0.9458019901067019,
        0.948733352124691,
        0.9459879901260138,
        0.9506672453135252,
        0.9456434547901154,
        0.9454741794615984,
        0.9435367193073034,
        0.9444256741553545
    ],
    "train_acc": [
        20.784313725490197,
        84.80392156862744,
        97.15686274509804,
        98.92156862745098,
        99.50980392156863,
        99.70588235294117,
        99.31372549019608,
        99.50980392156863,
        100.0,
        99.80392156862744,
        99.90196078431373,
        100.0,
        100.0,
        99.90196078431373,
        100.0,
        100.0,
        99.90196078431373,
        100.0,
        99.80392156862744,
        99.90196078431373,
        100.0,
        100.0,
        99.80392156862744,
        100.0,
        99.90196078431373,
        100.0,
        100.0,
        99.90196078431373,
        100.0,
        100.0
    ],
    "val_acc": [
        70.49019607843137,
        93.72549019607843,
        95.29411764705883,
        96.47058823529412,
        95.7843137254902,
        96.96078431372548,
        96.86274509803921,
        97.54901960784314,
        97.54901960784314,
        97.84313725490196,
        97.94117647058823,
        97.74509803921569,
        97.84313725490196,
        97.84313725490196,
        97.84313725490196,
        97.84313725490196,
        98.03921568627452,
        98.03921568627452,
        97.94117647058823,
        97.94117647058823,
        97.6470588235294,
        97.84313725490196,
        98.03921568627452,
        98.03921568627452,
        97.84313725490196,
        97.6470588235294,
        97.84313725490196,
        97.84313725490196,
        97.84313725490196,
        97.84313725490196
    ]
}