{
    "train_loss": [
        4.087946891784668,
        2.205989457666874,
        1.4035248756408691,
        1.092866275459528,
        1.0285660605877638,
        0.9688279889523983,
        0.9407792370766401,
        0.9287804197520018,
        0.8818697016686201,
        0.868608970195055,
        0.8631303515285254,
        0.860301660373807,
        0.8638685327023268,
        0.8506956454366446,
        0.8475498277693987,
        0.8541791252791882,
        0.8424390833824873,
        0.8447705805301666,
        0.8449644017964602,
        0.8425224013626575,
        0.8439572732895613,
        0.8349324632436037,
        0.8401001319289207,
        0.8358494881540537,
        0.8346239738166332,
        0.833966227248311,
        0.8365247286856174,
        0.8347265645861626,
        0.8310221321880817,
        0.8345848601311445
    ],
    "val_loss": [
        2.813131231814623,
        1.7638281099498272,
        1.5102050267159939,
        1.364168806001544,
        1.2613794784992933,
        1.3257184345275164,
        1.2598761040717363,
        1.1693171877413988,
        1.1392999030649662,
        1.1313143353909254,
        1.1308878250420094,
        1.1258378680795431,
        1.1209226492792368,
        1.1177771892398596,
        1.1165281161665916,
        1.1207220386713743,
        1.1165523808449507,
        1.109289277344942,
        1.1126284152269363,
        1.1105695366859436,
        1.1059924960136414,
        1.1021611038595438,
        1.1002973858267069,
        1.0996084064245224,
        1.10128004103899,
        1.1031560972332954,
        1.101216908544302,
        1.0896364506334066,
        1.0911305826157331,
        1.0977431684732437
    ],
    "train_acc": [
        19.50980392156863,
        69.50980392156863,
        86.07843137254902,
        94.70588235294117,
        95.88235294117646,
        97.45098039215686,
        98.62745098039215,
        98.52941176470588,
        99.6078431372549,
        99.90196078431373,
        100.0,
        99.90196078431373,
        99.70588235294117,
        99.90196078431373,
        99.90196078431373,
        99.80392156862744,
        100.0,
        99.90196078431373,
        100.0,
        99.80392156862744,
        99.90196078431373,
        100.0,
        100.0,
        99.90196078431373,
        99.90196078431373,
        100.0,
        99.70588235294117,
        100.0,
        99.70588235294117,
        99.80392156862744
    ],
    "val_acc": [
        52.450980392156865,
        70.98039215686275,
        80.7843137254902,
        85.0,
        87.6470588235294,
        84.80392156862744,
        87.05882352941177,
        89.2156862745098,
        90.7843137254902,
        91.27450980392157,
        91.27450980392157,
        90.88235294117646,
        90.98039215686275,
        90.98039215686275,
        90.7843137254902,
        91.07843137254902,
        91.47058823529412,
        91.47058823529412,
        91.56862745098039,
        91.27450980392157,
        91.66666666666667,
        91.47058823529412,
        91.37254901960785,
        91.66666666666667,
        91.56862745098039,
        91.47058823529412,
        91.76470588235294,
        92.05882352941177,
        92.25490196078431,
        91.86274509803921
    ]
}